Key,Value
Stanford Graduate School of Business,"(0, '0.018*""experience"" + 0.018*""skill"" + 0.015*""career"" + 0.012*""opinion"" + 0.011*""application"" + 0.010*""regardless"" + 0.010*""otherwise"" + 0.009*""life"" + 0.009*""need"" + 0.008*""student""')"
Stanford Graduate School of Business,"(1, '0.082*""salary"" + 0.073*""cost"" + 0.049*""benefit"" + 0.048*""living"" + 0.047*""disagree"" + 0.047*""total"" + 0.042*""data"" + 0.025*""operation"" + 0.023*""dive"" + 0.023*""heaven""')"
Stanford Graduate School of Business,"(2, '0.019*""stand"" + 0.019*""fit"" + 0.017*""gmat"" + 0.016*""round"" + 0.016*""data"" + 0.014*""story"" + 0.014*""desire"" + 0.012*""objective"" + 0.010*""difficult"" + 0.009*""using""')"
Stanford Graduate School of Business,"(3, '0.032*""business"" + 0.023*""sloan"" + 0.018*""entrepreneurship"" + 0.014*""student"" + 0.014*""job"" + 0.013*""course"" + 0.013*""passion"" + 0.011*""school"" + 0.010*""also"" + 0.010*""startup""')"
Stanford Graduate School of Business,"(4, '0.039*""people"" + 0.022*""management"" + 0.021*""finance"" + 0.018*""great"" + 0.017*""mit"" + 0.017*""greatly"" + 0.017*""student"" + 0.016*""top"" + 0.016*""company"" + 0.014*""say""')"
Stanford Graduate School of Business,"(5, '0.017*""people"" + 0.014*""get"" + 0.013*""remember"" + 0.012*""school"" + 0.012*""tuition"" + 0.010*""business"" + 0.010*""make"" + 0.010*""want"" + 0.009*""work"" + 0.009*""even""')"
Stanford Graduate School of Business,"(6, '0.019*""admission"" + 0.018*""application"" + 0.018*""profile"" + 0.013*""score"" + 0.013*""applicant"" + 0.012*""part"" + 0.011*""candidate"" + 0.011*""leadership"" + 0.011*""help"" + 0.010*""committee""')"
Stanford Graduate School of Business,"(7, '0.022*""friendly"" + 0.020*""case"" + 0.012*""business"" + 0.012*""class"" + 0.011*""problem"" + 0.009*""minute"" + 0.008*""section"" + 0.008*""enough"" + 0.008*""people"" + 0.007*""think""')"
Stanford Graduate School of Business,"(8, '0.034*""list"" + 0.031*""brand"" + 0.030*""finance"" + 0.030*""http"" + 0.019*""ranking"" + 0.018*""hand"" + 0.018*""work"" + 0.018*""alumnus"" + 0.018*""university"" + 0.016*""business""')"
Stanford Graduate School of Business,"(9, '0.021*""guy"" + 0.017*""admits"" + 0.014*""seat"" + 0.013*""prestige"" + 0.012*""evidence"" + 0.011*""anecdotal"" + 0.010*""dollar"" + 0.010*""match"" + 0.010*""list"" + 0.010*""saving""')"
Harvard Business School,"(0, '0.023*""top"" + 0.016*""brand"" + 0.015*""program"" + 0.015*""want"" + 0.014*""alumnus"" + 0.014*""school"" + 0.013*""student"" + 0.011*""go"" + 0.010*""experience"" + 0.009*""world""')"
Harvard Business School,"(1, '0.035*""university"" + 0.020*""student"" + 0.012*""degree"" + 0.012*""english"" + 0.010*""campus"" + 0.009*""program"" + 0.009*""quite"" + 0.008*""language"" + 0.008*""also"" + 0.008*""management""')"
Harvard Business School,"(2, '0.015*""student"" + 0.015*""business"" + 0.013*""experience"" + 0.012*""management"" + 0.011*""career"" + 0.011*""benefit"" + 0.011*""also"" + 0.010*""skill"" + 0.009*""iims"" + 0.009*""lot""')"
Harvard Business School,"(3, '0.021*""people"" + 0.019*""company"" + 0.014*""world"" + 0.012*""probably"" + 0.011*""know"" + 0.010*""work"" + 0.009*""europe"" + 0.009*""think"" + 0.008*""say"" + 0.008*""well""')"
Harvard Business School,"(4, '0.012*""case"" + 0.011*""experience"" + 0.011*""candidate"" + 0.010*""applicant"" + 0.009*""people"" + 0.009*""year"" + 0.008*""time"" + 0.008*""method"" + 0.007*""rate"" + 0.007*""work""')"
Harvard Business School,"(5, '0.026*""case"" + 0.022*""business"" + 0.022*""problem"" + 0.018*""class"" + 0.016*""law"" + 0.012*""minute"" + 0.011*""people"" + 0.009*""discussion"" + 0.009*""section"" + 0.009*""study""')"
Harvard Business School,"(6, '0.016*""business"" + 0.014*""iim"" + 0.012*""even"" + 0.011*""indian"" + 0.011*""student"" + 0.009*""people"" + 0.008*""scholarship"" + 0.007*""experience"" + 0.007*""best"" + 0.007*""campus""')"
Harvard Business School,"(7, '0.025*""case"" + 0.018*""student"" + 0.016*""brand"" + 0.013*""discussion"" + 0.012*""business"" + 0.012*""intense"" + 0.011*""class"" + 0.011*""learning"" + 0.011*""go"" + 0.010*""program""')"
Harvard Business School,"(8, '0.013*""business"" + 0.011*""people"" + 0.011*""never"" + 0.010*""think"" + 0.009*""school"" + 0.009*""day"" + 0.009*""student"" + 0.008*""get"" + 0.008*""admission"" + 0.008*""case""')"
Harvard Business School,"(9, '0.021*""business"" + 0.017*""get"" + 0.016*""student"" + 0.012*""class"" + 0.011*""gmat"" + 0.011*""best"" + 0.010*""http"" + 0.010*""also"" + 0.010*""score"" + 0.010*""finance""')"
Penn (Wharton),"(0, '0.026*""school"" + 0.025*""ivy"" + 0.016*""get"" + 0.015*""student"" + 0.010*""kid"" + 0.010*""top"" + 0.009*""think"" + 0.008*""college"" + 0.008*""even"" + 0.008*""chance""')"
Penn (Wharton),"(1, '0.048*""business"" + 0.046*""program"" + 0.028*""university"" + 0.021*""student"" + 0.021*""management"" + 0.020*""education"" + 0.017*""graduate"" + 0.017*""ivy"" + 0.016*""johnson"" + 0.014*""league""')"
Penn (Wharton),"(2, '0.012*""ivy"" + 0.008*""princeton"" + 0.007*""know"" + 0.007*""think"" + 0.007*""life"" + 0.007*""duck"" + 0.005*""mit"" + 0.005*""human"" + 0.005*""downside"" + 0.005*""beat""')"
Penn (Wharton),"(3, '0.039*""league"" + 0.032*""business"" + 0.032*""school"" + 0.029*""ivy"" + 0.020*""undergrad"" + 0.019*""excellent"" + 0.018*""graduate"" + 0.018*""well"" + 0.015*""ask"" + 0.013*""conference""')"
Penn (Wharton),"(4, '0.014*""ivy"" + 0.013*""people"" + 0.009*""work"" + 0.009*""thing"" + 0.009*""league"" + 0.007*""world"" + 0.007*""universally"" + 0.005*""school"" + 0.005*""point"" + 0.005*""give""')"
Penn (Wharton),"(5, '0.016*""ivy"" + 0.010*""essay"" + 0.010*""school"" + 0.009*""aos"" + 0.009*""student"" + 0.009*""admission"" + 0.008*""college"" + 0.007*""league"" + 0.007*""best"" + 0.006*""applicant""')"
Penn (Wharton),"(6, '0.054*""university"" + 0.026*""school"" + 0.024*""ivy"" + 0.019*""college"" + 0.011*""state"" + 0.009*""went"" + 0.009*""best"" + 0.009*""league"" + 0.009*""applicant"" + 0.008*""princeton""')"
Penn (Wharton),"(7, '0.027*""student"" + 0.023*""university"" + 0.009*""world"" + 0.007*""business"" + 0.006*""need"" + 0.006*""also"" + 0.005*""experience"" + 0.005*""career"" + 0.005*""ivy"" + 0.005*""go""')"
Penn (Wharton),"(8, '0.011*""alumnus"" + 0.010*""program"" + 0.010*""company"" + 0.009*""get"" + 0.009*""usd"" + 0.008*""business"" + 0.006*""network"" + 0.006*""work"" + 0.006*""decision"" + 0.005*""go""')"
Penn (Wharton),"(9, '0.012*""student"" + 0.010*""aid"" + 0.009*""law"" + 0.009*""firm"" + 0.009*""league"" + 0.009*""ivy"" + 0.008*""sister"" + 0.008*""going"" + 0.008*""pay"" + 0.008*""get""')"
HEC Paris,"(0, '0.033*""program"" + 0.024*""business"" + 0.021*""student"" + 0.017*""world"" + 0.017*""paris"" + 0.012*""network"" + 0.012*""best"" + 0.012*""alumnus"" + 0.009*""top"" + 0.009*""school""')"
HEC Paris,"(1, '0.019*""year"" + 0.015*""score"" + 0.014*""university"" + 0.013*""paris"" + 0.013*""institute"" + 0.012*""exam"" + 0.012*""admission"" + 0.010*""degree"" + 0.009*""management"" + 0.009*""time""')"
HEC Paris,"(2, '0.019*""job"" + 0.014*""career"" + 0.013*""engineering"" + 0.012*""get"" + 0.010*""student"" + 0.010*""business"" + 0.009*""work"" + 0.009*""college"" + 0.009*""field"" + 0.009*""management""')"
HEC Paris,"(3, '0.048*""scholarship"" + 0.017*""maybe"" + 0.016*""habit"" + 0.015*""want"" + 0.014*""program"" + 0.013*""people"" + 0.012*""chance"" + 0.010*""choose"" + 0.009*""success"" + 0.009*""spend""')"
HEC Paris,"(4, '0.030*""people"" + 0.016*""risk"" + 0.013*""context"" + 0.012*""europe"" + 0.012*""summer"" + 0.012*""cohort"" + 0.010*""firm"" + 0.009*""policy"" + 0.009*""french"" + 0.008*""paris""')"
HEC Paris,"(5, '0.023*""consulting"" + 0.015*""want"" + 0.014*""alumnus"" + 0.014*""career"" + 0.014*""tier"" + 0.013*""answer"" + 0.012*""see"" + 0.012*""great"" + 0.009*""europe"" + 0.009*""industry""')"
HEC Paris,"(6, '0.021*""application"" + 0.019*""interview"" + 0.018*""online"" + 0.016*""program"" + 0.013*""experience"" + 0.012*""need"" + 0.012*""work"" + 0.011*""thing"" + 0.010*""gmat"" + 0.010*""get""')"
HEC Paris,"(7, '0.012*""program"" + 0.011*""finance"" + 0.009*""well"" + 0.009*""thanks"" + 0.009*""residing"" + 0.009*""dual"" + 0.009*""brokerage"" + 0.007*""accounting"" + 0.007*""university"" + 0.007*""best""')"
HEC Paris,"(8, '0.018*""job"" + 0.018*""bank"" + 0.016*""get"" + 0.013*""wanted"" + 0.013*""getting"" + 0.012*""gap"" + 0.011*""day"" + 0.010*""volunteer"" + 0.010*""break"" + 0.008*""others""')"
HEC Paris,"(9, '0.056*""paris"" + 0.014*""consulting"" + 0.014*""networking"" + 0.014*""school"" + 0.013*""industry"" + 0.013*""finance"" + 0.012*""campus"" + 0.011*""top"" + 0.011*""known"" + 0.010*""career""')"
London Business School,"(0, '0.024*""opportunity"" + 0.023*""get"" + 0.023*""top"" + 0.021*""travel"" + 0.016*""pretty"" + 0.016*""think"" + 0.015*""wall"" + 0.014*""time"" + 0.013*""work"" + 0.013*""give""')"
London Business School,"(1, '0.026*""score"" + 0.018*""experience"" + 0.018*""round"" + 0.018*""impressive"" + 0.018*""gmat"" + 0.011*""league"" + 0.011*""basically"" + 0.010*""successful"" + 0.009*""alumnus"" + 0.009*""professor""')"
London Business School,"(2, '0.029*""work"" + 0.023*""year"" + 0.021*""get"" + 0.016*""student"" + 0.013*""lot"" + 0.012*""want"" + 0.012*""programme"" + 0.011*""business"" + 0.010*""chance"" + 0.010*""best""')"
London Business School,"(3, '0.029*""business"" + 0.021*""city"" + 0.019*""school"" + 0.014*""friend"" + 0.014*""living"" + 0.010*""time"" + 0.010*""year"" + 0.008*""world"" + 0.008*""chicago"" + 0.007*""york""')"
London Business School,"(4, '0.041*""admission"" + 0.029*""profile"" + 0.021*""candidate"" + 0.020*""work"" + 0.020*""experience"" + 0.020*""college"" + 0.019*""university"" + 0.017*""business"" + 0.015*""london"" + 0.014*""get""')"
London Business School,"(5, '0.023*""score"" + 0.023*""business"" + 0.022*""gmat"" + 0.019*""application"" + 0.016*""look"" + 0.015*""program"" + 0.015*""admission"" + 0.015*""apply"" + 0.014*""profile"" + 0.013*""london""')"
London Business School,"(6, '0.032*""program"" + 0.032*""business"" + 0.022*""top"" + 0.020*""london"" + 0.019*""best"" + 0.018*""world"" + 0.017*""career"" + 0.016*""goal"" + 0.015*""network"" + 0.013*""experience""')"
London Business School,"(7, '0.020*""answer"" + 0.018*""question"" + 0.015*""cv"" + 0.014*""application"" + 0.013*""experience"" + 0.013*""essay"" + 0.011*""get"" + 0.009*""specific"" + 0.009*""student"" + 0.009*""london""')"
London Business School,"(8, '0.035*""career"" + 0.022*""specific"" + 0.019*""current"" + 0.015*""give"" + 0.014*""eligibility"" + 0.013*""working"" + 0.013*""wish"" + 0.012*""enough"" + 0.012*""skill"" + 0.012*""thing""')"
London Business School,"(9, '0.024*""student"" + 0.024*""business"" + 0.018*""career"" + 0.017*""opportunity"" + 0.013*""london"" + 0.011*""alumnus"" + 0.010*""experience"" + 0.009*""offer"" + 0.009*""network"" + 0.009*""education""')"
MIT (Sloan),"(0, '0.015*""gmat"" + 0.014*""school"" + 0.013*""best"" + 0.012*""student"" + 0.011*""experience"" + 0.010*""answer"" + 0.010*""applicant"" + 0.009*""help"" + 0.009*""get"" + 0.009*""sloan""')"
MIT (Sloan),"(1, '0.033*""mit"" + 0.014*""program"" + 0.012*""sloan"" + 0.012*""also"" + 0.011*""pm"" + 0.010*""penn"" + 0.010*""work"" + 0.010*""startup"" + 0.009*""consulting"" + 0.009*""undergraduate""')"
MIT (Sloan),"(2, '0.041*""mit"" + 0.036*""program"" + 0.021*""school"" + 0.015*""student"" + 0.014*""management"" + 0.014*""berkeley"" + 0.013*""business"" + 0.012*""msms"" + 0.010*""graduate"" + 0.009*""get""')"
MIT (Sloan),"(3, '0.027*""definitely"" + 0.023*""criterion"" + 0.021*""base"" + 0.021*""holistic"" + 0.018*""student"" + 0.018*""graduation"" + 0.017*""one"" + 0.016*""valuable"" + 0.016*""mit"" + 0.015*""depends""')"
MIT (Sloan),"(4, '0.028*""student"" + 0.023*""fighter"" + 0.023*""street"" + 0.019*""work"" + 0.016*""game"" + 0.013*""friend"" + 0.013*""course"" + 0.013*""lot"" + 0.012*""people"" + 0.012*""mit""')"
MIT (Sloan),"(5, '0.031*""student"" + 0.018*""mit"" + 0.017*""course"" + 0.012*""class"" + 0.009*""work"" + 0.008*""undergrad"" + 0.008*""take"" + 0.008*""people"" + 0.007*""business"" + 0.007*""get""')"
MIT (Sloan),"(6, '0.029*""mit"" + 0.028*""easier"" + 0.024*""see"" + 0.016*""best"" + 0.016*""accepted"" + 0.015*""http"" + 0.014*""list"" + 0.013*""fill"" + 0.010*""fit"" + 0.009*""write""')"
MIT (Sloan),"(7, '0.030*""mit"" + 0.021*""class"" + 0.020*""sloan"" + 0.017*""student"" + 0.012*""program"" + 0.010*""cohort"" + 0.009*""school"" + 0.008*""professor"" + 0.007*""network"" + 0.007*""take""')"
MIT (Sloan),"(8, '0.025*""sloan"" + 0.022*""mit"" + 0.015*""class"" + 0.014*""program"" + 0.013*""get"" + 0.012*""startup"" + 0.011*""student"" + 0.011*""admission"" + 0.010*""school"" + 0.010*""lot""')"
MIT (Sloan),"(9, '0.028*""sloan"" + 0.021*""important"" + 0.018*""ranking"" + 0.015*""mit"" + 0.014*""school"" + 0.013*""number"" + 0.012*""company"" + 0.012*""business"" + 0.011*""matter"" + 0.011*""want""')"
IE Business School,"(0, '0.033*""business"" + 0.026*""skill"" + 0.020*""profile"" + 0.018*""admission"" + 0.015*""look"" + 0.014*""work"" + 0.011*""experience"" + 0.011*""chance"" + 0.010*""also"" + 0.010*""student""')"
IE Business School,"(1, '0.026*""student"" + 0.019*""job"" + 0.018*""business"" + 0.012*""career"" + 0.011*""also"" + 0.010*""opportunity"" + 0.009*""help"" + 0.009*""program"" + 0.009*""skill"" + 0.008*""professor""')"
IE Business School,"(2, '0.019*""school"" + 0.015*""business"" + 0.013*""show"" + 0.013*""leader"" + 0.012*""want"" + 0.011*""top"" + 0.011*""know"" + 0.011*""program"" + 0.011*""profile"" + 0.011*""experience""')"
IE Business School,"(3, '0.023*""make"" + 0.019*""get"" + 0.015*""need"" + 0.015*""want"" + 0.014*""show"" + 0.013*""career"" + 0.012*""clear"" + 0.011*""area"" + 0.011*""detail"" + 0.010*""point""')"
IE Business School,"(4, '0.022*""people"" + 0.018*""student"" + 0.013*""time"" + 0.013*""work"" + 0.012*""think"" + 0.011*""course"" + 0.011*""year"" + 0.011*""programme"" + 0.011*""get"" + 0.011*""experience""')"
IE Business School,"(5, '0.035*""profile"" + 0.024*""work"" + 0.017*""business"" + 0.017*""add"" + 0.016*""thing"" + 0.015*""diversity"" + 0.014*""genuine"" + 0.014*""appear"" + 0.014*""question"" + 0.013*""program""')"
IE Business School,"(6, '0.030*""school"" + 0.025*""student"" + 0.019*""fit"" + 0.018*""profile"" + 0.017*""recommend"" + 0.015*""kind"" + 0.015*""best"" + 0.015*""business"" + 0.013*""people"" + 0.013*""process""')"
IE Business School,"(7, '0.021*""brand"" + 0.019*""place"" + 0.016*""case"" + 0.014*""madrid"" + 0.013*""class"" + 0.013*""barcelona"" + 0.013*""school"" + 0.011*""close"" + 0.011*""program"" + 0.011*""based""')"
IE Business School,"(8, '0.021*""program"" + 0.020*""question"" + 0.017*""student"" + 0.012*""business"" + 0.012*""well"" + 0.011*""go"" + 0.011*""ask"" + 0.011*""something"" + 0.009*""top"" + 0.009*""bring""')"
IE Business School,"(9, '0.036*""business"" + 0.031*""ranking"" + 0.025*""program"" + 0.019*""school"" + 0.019*""firm"" + 0.014*""world"" + 0.014*""ranked"" + 0.014*""mba"" + 0.013*""top"" + 0.013*""reputation""')"
UT Austin (McCombs School of Business),"(0, '0.024*""johnson"" + 0.022*""get"" + 0.018*""student"" + 0.017*""percent"" + 0.017*""class"" + 0.016*""utaustin"" + 0.010*""science"" + 0.010*""program"" + 0.010*""campus"" + 0.010*""still""')"
UT Austin (McCombs School of Business),"(1, '0.025*""engineering"" + 0.019*""university"" + 0.015*""dallas"" + 0.013*""business"" + 0.012*""computer"" + 0.012*""lot"" + 0.011*""campus"" + 0.011*""program"" + 0.011*""software"" + 0.010*""technology""')"
UT Austin (McCombs School of Business),"(2, '0.030*""dallas"" + 0.029*""campus"" + 0.026*""reputation"" + 0.025*""strong"" + 0.024*""university"" + 0.016*""texas"" + 0.015*""branch"" + 0.014*""faculty"" + 0.013*""consider"" + 0.012*""ranked""')"
UT Austin (McCombs School of Business),"(3, '0.018*""class"" + 0.016*""college"" + 0.014*""go"" + 0.011*""get"" + 0.010*""got"" + 0.008*""business"" + 0.008*""student"" + 0.008*""job"" + 0.008*""top"" + 0.008*""name""')"
UT Austin (McCombs School of Business),"(4, '0.019*""student"" + 0.017*""job"" + 0.016*""experience"" + 0.015*""scholarship"" + 0.014*""month"" + 0.014*""program"" + 0.013*""cost"" + 0.013*""city"" + 0.012*""living"" + 0.012*""lot""')"
UT Austin (McCombs School of Business),"(5, '0.024*""dallas"" + 0.020*""ranking"" + 0.018*""business"" + 0.015*""best"" + 0.014*""top"" + 0.013*""undergrad"" + 0.012*""student"" + 0.012*""life"" + 0.012*""go"" + 0.011*""going""')"
UT Austin (McCombs School of Business),"(6, '0.024*""student"" + 0.019*""top"" + 0.017*""gpa"" + 0.016*""program"" + 0.015*""phd"" + 0.013*""high"" + 0.013*""lot"" + 0.012*""scholarship"" + 0.012*""graduation"" + 0.010*""went""')"
UT Austin (McCombs School of Business),"(7, '0.019*""business"" + 0.013*""student"" + 0.013*""opportunity"" + 0.013*""job"" + 0.011*""go"" + 0.011*""want"" + 0.010*""career"" + 0.010*""college"" + 0.009*""lot"" + 0.009*""berkeley""')"
UT Austin (McCombs School of Business),"(8, '0.029*""degree"" + 0.022*""business"" + 0.020*""education"" + 0.020*""accounting"" + 0.019*""professional"" + 0.016*""science"" + 0.015*""master"" + 0.015*""program"" + 0.012*""experienced"" + 0.012*""graduation""')"
UT Austin (McCombs School of Business),"(9, '0.068*""program"" + 0.046*""analytics"" + 0.040*""business"" + 0.019*""student"" + 0.018*""msba"" + 0.014*""course"" + 0.014*""highly"" + 0.012*""great"" + 0.012*""industry"" + 0.010*""application""')"
Columbia Business School,"(0, '0.055*""core"" + 0.024*""undergrad"" + 0.021*""course"" + 0.017*""education"" + 0.017*""art"" + 0.013*""history"" + 0.011*""think"" + 0.011*""book"" + 0.011*""liberal"" + 0.011*""day""')"
Columbia Business School,"(1, '0.037*""taken"" + 0.030*""prerequisite"" + 0.030*""b6302"" + 0.023*""summer"" + 0.013*""made"" + 0.013*""begin"" + 0.011*""business"" + 0.011*""office"" + 0.010*""talent"" + 0.010*""corequisite""')"
Columbia Business School,"(2, '0.011*""school"" + 0.011*""admission"" + 0.010*""top"" + 0.010*""application"" + 0.009*""interview"" + 0.009*""idea"" + 0.007*""something"" + 0.007*""life"" + 0.007*""really"" + 0.007*""term""')"
Columbia Business School,"(3, '0.016*""top"" + 0.011*""summary"" + 0.011*""case"" + 0.008*""tuck"" + 0.008*""size"" + 0.007*""kellog"" + 0.007*""credential"" + 0.007*""harder"" + 0.006*""sloan"" + 0.006*""stats""')"
Columbia Business School,"(4, '0.031*""economics"" + 0.023*""science"" + 0.023*""finance"" + 0.023*""core"" + 0.020*""emphasis"" + 0.019*""financial"" + 0.014*""msfe"" + 0.012*""faculty"" + 0.012*""classroom"" + 0.011*""include""')"
Columbia Business School,"(5, '0.040*""york"" + 0.033*""top"" + 0.032*""generally"" + 0.029*""city"" + 0.024*""student"" + 0.023*""school"" + 0.021*""business"" + 0.016*""figure"" + 0.015*""employment"" + 0.014*""subway""')"
Columbia Business School,"(6, '0.044*""take"" + 0.035*""class"" + 0.019*""question"" + 0.018*""stem"" + 0.017*""email"" + 0.016*""lot"" + 0.014*""engineering"" + 0.014*""personally"" + 0.013*""interviewer"" + 0.013*""think""')"
Columbia Business School,"(7, '0.028*""student"" + 0.025*""business"" + 0.022*""course"" + 0.021*""program"" + 0.017*""get"" + 0.014*""class"" + 0.011*""also"" + 0.009*""school"" + 0.009*""market"" + 0.009*""capital""')"
Columbia Business School,"(8, '0.034*""qualify"" + 0.024*""major"" + 0.020*""admitted"" + 0.020*""college"" + 0.019*""way"" + 0.019*""even"" + 0.019*""probably"" + 0.018*""paid"" + 0.017*""job"" + 0.017*""working""')"
Columbia Business School,"(9, '0.017*""get"" + 0.016*""experience"" + 0.015*""work"" + 0.013*""people"" + 0.011*""time"" + 0.011*""getting"" + 0.010*""make"" + 0.010*""gmat"" + 0.010*""want"" + 0.010*""cbs""')"
INSEAD,"(0, '0.016*""career"" + 0.015*""company"" + 0.012*""answer"" + 0.011*""ranking"" + 0.011*""classmate"" + 0.011*""see"" + 0.010*""goal"" + 0.010*""respective"" + 0.009*""fit"" + 0.009*""still""')"
INSEAD,"(1, '0.012*""way"" + 0.010*""well"" + 0.010*""feel"" + 0.008*""know"" + 0.008*""get"" + 0.008*""mean"" + 0.008*""application"" + 0.007*""essay"" + 0.006*""pretty"" + 0.006*""want""')"
INSEAD,"(2, '0.020*""experience"" + 0.016*""business"" + 0.013*""work"" + 0.010*""life"" + 0.010*""year"" + 0.010*""make"" + 0.009*""class"" + 0.009*""great"" + 0.008*""people"" + 0.008*""go""')"
INSEAD,"(3, '0.037*""program"" + 0.025*""university"" + 0.018*""student"" + 0.017*""school"" + 0.016*""best"" + 0.014*""business"" + 0.011*""world"" + 0.011*""career"" + 0.010*""however"" + 0.010*""faculty""')"
INSEAD,"(4, '0.026*""student"" + 0.021*""school"" + 0.016*""program"" + 0.016*""business"" + 0.011*""want"" + 0.011*""time"" + 0.011*""company"" + 0.010*""get"" + 0.009*""class"" + 0.008*""brand""')"
INSEAD,"(5, '0.029*""programme"" + 0.021*""rate"" + 0.019*""best"" + 0.017*""world"" + 0.017*""admission"" + 0.016*""chicago"" + 0.016*""acceptance"" + 0.013*""alumnus"" + 0.013*""want"" + 0.013*""participant""')"
INSEAD,"(6, '0.022*""people"" + 0.017*""work"" + 0.015*""know"" + 0.012*""experience"" + 0.010*""program"" + 0.010*""get"" + 0.010*""really"" + 0.010*""probably"" + 0.010*""top"" + 0.010*""well""')"
INSEAD,"(7, '0.025*""mit"" + 0.021*""brand"" + 0.020*""school"" + 0.014*""top"" + 0.012*""sloan"" + 0.012*""great"" + 0.011*""part"" + 0.011*""however"" + 0.011*""salary"" + 0.010*""class""')"
INSEAD,"(8, '0.027*""english"" + 0.022*""school"" + 0.022*""native"" + 0.021*""speaker"" + 0.020*""le"" + 0.019*""graduate"" + 0.017*""treated"" + 0.015*""trying"" + 0.015*""diverse"" + 0.014*""weak""')"
INSEAD,"(9, '0.019*""admitted"" + 0.018*""environment"" + 0.016*""community"" + 0.015*""go"" + 0.015*""alumnus"" + 0.014*""language"" + 0.013*""culture"" + 0.013*""admission"" + 0.012*""prepare"" + 0.011*""allow""')"
IESE Business School,"(0, '0.022*""business"" + 0.016*""ranking"" + 0.015*""get"" + 0.014*""program"" + 0.013*""want"" + 0.013*""professor"" + 0.013*""also"" + 0.012*""go"" + 0.012*""student"" + 0.011*""network""')"
IESE Business School,"(1, '0.019*""work"" + 0.018*""get"" + 0.014*""course"" + 0.014*""programme"" + 0.013*""help"" + 0.012*""best"" + 0.012*""background"" + 0.011*""classmate"" + 0.010*""want"" + 0.010*""skill""')"
IESE Business School,"(2, '0.029*""career"" + 0.026*""programme"" + 0.013*""time"" + 0.012*""want"" + 0.012*""great"" + 0.012*""lse"" + 0.012*""change"" + 0.011*""question"" + 0.011*""barcelona"" + 0.011*""strong""')"
IESE Business School,"(3, '0.033*""think"" + 0.030*""career"" + 0.023*""go"" + 0.023*""job"" + 0.020*""goal"" + 0.017*""dream"" + 0.016*""business"" + 0.015*""time"" + 0.014*""money"" + 0.014*""question""')"
IESE Business School,"(4, '0.040*""business"" + 0.033*""career"" + 0.024*""opportunity"" + 0.020*""program"" + 0.017*""alumnus"" + 0.017*""network"" + 0.016*""student"" + 0.015*""london"" + 0.014*""offer"" + 0.013*""industry""')"
IESE Business School,"(5, '0.027*""program"" + 0.019*""http"" + 0.018*""answer"" + 0.016*""think"" + 0.013*""like"" + 0.013*""experience"" + 0.012*""case"" + 0.011*""student"" + 0.011*""tool"" + 0.010*""feel""')"
IESE Business School,"(6, '0.034*""life"" + 0.026*""business"" + 0.020*""program"" + 0.013*""great"" + 0.013*""current"" + 0.012*""goal"" + 0.011*""world"" + 0.011*""best"" + 0.011*""school"" + 0.011*""thing""')"
IESE Business School,"(7, '0.021*""business"" + 0.017*""program"" + 0.016*""school"" + 0.014*""score"" + 0.014*""london"" + 0.014*""work"" + 0.013*""top"" + 0.012*""student"" + 0.011*""experience"" + 0.011*""even""')"
IESE Business School,"(8, '0.032*""student"" + 0.015*""business"" + 0.014*""opportunity"" + 0.012*""school"" + 0.012*""also"" + 0.011*""thing"" + 0.010*""experience"" + 0.010*""http"" + 0.009*""course"" + 0.009*""professor""')"
IESE Business School,"(9, '0.059*""program"" + 0.029*""imd"" + 0.014*""student"" + 0.014*""year"" + 0.014*""executive"" + 0.014*""people"" + 0.013*""globally"" + 0.011*""feel"" + 0.011*""school"" + 0.010*""ranking""')"
UC Berkeley (Haas),"(0, '0.069*""berkeley"" + 0.024*""school"" + 0.023*""top"" + 0.017*""cost"" + 0.015*""get"" + 0.015*""education"" + 0.015*""student"" + 0.013*""go"" + 0.011*""want"" + 0.011*""ranking""')"
UC Berkeley (Haas),"(1, '0.034*""b"" + 0.020*""ceo"" + 0.018*""former"" + 0.017*""chairman"" + 0.013*""president"" + 0.011*""student"" + 0.010*""applicant"" + 0.009*""founder"" + 0.009*""class"" + 0.009*""cal""')"
UC Berkeley (Haas),"(2, '0.056*""ivy"" + 0.042*""berkeley"" + 0.030*""league"" + 0.024*""university"" + 0.017*""research"" + 0.017*""faculty"" + 0.016*""field"" + 0.015*""prestige"" + 0.013*""depends"" + 0.012*""institution""')"
UC Berkeley (Haas),"(3, '0.019*""read"" + 0.019*""lot"" + 0.017*""want"" + 0.017*""year"" + 0.017*""program"" + 0.015*""go"" + 0.014*""get"" + 0.014*""student"" + 0.013*""people"" + 0.013*""admitted""')"
UC Berkeley (Haas),"(4, '0.024*""business"" + 0.023*""program"" + 0.021*""mit"" + 0.017*""probably"" + 0.016*""berkeley"" + 0.014*""university"" + 0.013*""graduate"" + 0.012*""engineering"" + 0.011*""public"" + 0.011*""degree""')"
UC Berkeley (Haas),"(5, '0.030*""berkeley"" + 0.018*""time"" + 0.017*""student"" + 0.016*""business"" + 0.016*""program"" + 0.013*""experience"" + 0.013*""school"" + 0.011*""professor"" + 0.010*""make"" + 0.010*""people""')"
UC Berkeley (Haas),"(6, '0.067*""rate"" + 0.064*""acceptance"" + 0.042*""business"" + 0.028*""berkeley"" + 0.024*""http"" + 0.023*""university"" + 0.020*""cornell"" + 0.016*""accepts"" + 0.014*""find"" + 0.014*""comparison""')"
UC Berkeley (Haas),"(7, '0.044*""ranking"" + 0.023*""top"" + 0.020*""http"" + 0.020*""people"" + 0.019*""care"" + 0.018*""business"" + 0.016*""brand"" + 0.015*""berkeley"" + 0.014*""get"" + 0.013*""program""')"
UC Berkeley (Haas),"(8, '0.022*""get"" + 0.012*""everyone"" + 0.012*""definitely"" + 0.011*""class"" + 0.010*""relatively"" + 0.009*""college"" + 0.009*""take"" + 0.009*""program"" + 0.009*""goal"" + 0.009*""student""')"
UC Berkeley (Haas),"(9, '0.059*""top"" + 0.040*""ranked"" + 0.039*""phd"" + 0.035*""undergrad"" + 0.034*""program"" + 0.028*""ten"" + 0.027*""went"" + 0.024*""graduate"" + 0.021*""back"" + 0.021*""news""')"
Cambridge (Judge),"(0, '0.022*""see"" + 0.019*""university"" + 0.018*""system"" + 0.017*""cambridge"" + 0.016*""ranking"" + 0.015*""top"" + 0.015*""getting"" + 0.014*""apply"" + 0.014*""whilst"" + 0.012*""faculty""')"
Cambridge (Judge),"(1, '0.025*""way"" + 0.025*""train"" + 0.020*""cambridge"" + 0.018*""get"" + 0.015*""le"" + 0.013*""direct"" + 0.013*""minute"" + 0.011*""load"" + 0.011*""present"" + 0.011*""college""')"
Cambridge (Judge),"(2, '0.018*""university"" + 0.016*""cambridge"" + 0.015*""graduate"" + 0.012*""want"" + 0.012*""degree"" + 0.011*""study"" + 0.011*""year"" + 0.010*""get"" + 0.010*""oxbridge"" + 0.009*""people""')"
Cambridge (Judge),"(3, '0.065*""cambridge"" + 0.018*""class"" + 0.014*""focus"" + 0.012*""year"" + 0.011*""think"" + 0.010*""applied"" + 0.010*""town"" + 0.010*""feel"" + 0.009*""already"" + 0.009*""culture""')"
Cambridge (Judge),"(4, '0.037*""cambridge"" + 0.025*""said"" + 0.017*""student"" + 0.017*""judge"" + 0.016*""review"" + 0.016*""school"" + 0.015*""alumnus"" + 0.015*""course"" + 0.015*""university"" + 0.014*""looking""')"
Cambridge (Judge),"(5, '0.048*""cambridge"" + 0.030*""university"" + 0.015*""feel"" + 0.013*""city"" + 0.012*""college"" + 0.009*""building"" + 0.009*""science"" + 0.008*""think"" + 0.008*""business"" + 0.007*""subject""')"
Cambridge (Judge),"(6, '0.057*""student"" + 0.016*""oxbridge"" + 0.016*""consulting"" + 0.015*""business"" + 0.014*""le"" + 0.012*""give"" + 0.010*""make"" + 0.010*""class"" + 0.009*""data"" + 0.009*""reason""')"
Cambridge (Judge),"(7, '0.043*""university"" + 0.026*""cambridge"" + 0.015*""world"" + 0.014*""program"" + 0.012*""prestige"" + 0.011*""say"" + 0.010*""best"" + 0.009*""career"" + 0.008*""answer"" + 0.008*""speaking""')"
Cambridge (Judge),"(8, '0.035*""cambridge"" + 0.023*""class"" + 0.017*""student"" + 0.016*""admission"" + 0.015*""company"" + 0.014*""get"" + 0.013*""table"" + 0.013*""university"" + 0.011*""school"" + 0.011*""requires""')"
Cambridge (Judge),"(9, '0.016*""grad"" + 0.012*""son"" + 0.011*""fair"" + 0.010*""seemed"" + 0.009*""comment"" + 0.005*""include"" + 0.005*""point"" + 0.005*""partly"" + 0.004*""smart"" + 0.004*""politics""')"
Chicago (Booth),"(0, '0.026*""gpa"" + 0.014*""chicago"" + 0.013*""program"" + 0.013*""world"" + 0.012*""score"" + 0.011*""business"" + 0.011*""school"" + 0.011*""question"" + 0.010*""know"" + 0.009*""low""')"
Chicago (Booth),"(1, '0.023*""school"" + 0.018*""bschool"" + 0.014*""go"" + 0.014*""question"" + 0.014*""best"" + 0.013*""top"" + 0.013*""get"" + 0.013*""undergrad"" + 0.013*""lot"" + 0.011*""class""')"
Chicago (Booth),"(2, '0.020*""business"" + 0.017*""want"" + 0.016*""early"" + 0.015*""top"" + 0.015*""school"" + 0.014*""looking"" + 0.014*""strong"" + 0.013*""work"" + 0.013*""program"" + 0.013*""startup""')"
Chicago (Booth),"(3, '0.017*""experience"" + 0.015*""class"" + 0.011*""want"" + 0.011*""also"" + 0.011*""student"" + 0.010*""company"" + 0.010*""finance"" + 0.009*""actually"" + 0.009*""people"" + 0.009*""take""')"
Chicago (Booth),"(4, '0.050*""business"" + 0.025*""year"" + 0.024*""ranking"" + 0.021*""chicago"" + 0.021*""http"" + 0.018*""side"" + 0.018*""ranked"" + 0.016*""faculty"" + 0.014*""world"" + 0.014*""news""')"
Chicago (Booth),"(5, '0.026*""job"" + 0.023*""degree"" + 0.015*""get"" + 0.015*""relationship"" + 0.013*""university"" + 0.013*""money"" + 0.012*""way"" + 0.012*""going"" + 0.011*""lot"" + 0.011*""cost""')"
Chicago (Booth),"(6, '0.041*""school"" + 0.021*""university"" + 0.020*""investment"" + 0.019*""program"" + 0.017*""top"" + 0.016*""network"" + 0.015*""student"" + 0.014*""work"" + 0.014*""cost"" + 0.013*""say""')"
Chicago (Booth),"(7, '0.017*""business"" + 0.011*""well"" + 0.011*""experience"" + 0.010*""work"" + 0.010*""skill"" + 0.010*""school"" + 0.009*""give"" + 0.009*""best"" + 0.009*""also"" + 0.009*""think""')"
Chicago (Booth),"(8, '0.016*""student"" + 0.013*""school"" + 0.012*""plan"" + 0.012*""business"" + 0.011*""ranking"" + 0.011*""late"" + 0.011*""number"" + 0.010*""time"" + 0.010*""park"" + 0.010*""program""')"
Chicago (Booth),"(9, '0.025*""career"" + 0.024*""program"" + 0.017*""university"" + 0.015*""pursue"" + 0.012*""question"" + 0.011*""want"" + 0.011*""people"" + 0.011*""business"" + 0.011*""say"" + 0.011*""important""')"
Northwestern (Kellogg),"(0, '0.021*""class"" + 0.016*""student"" + 0.015*""admission"" + 0.014*""school"" + 0.012*""ivy"" + 0.012*""league"" + 0.011*""program"" + 0.010*""get"" + 0.009*""top"" + 0.009*""recruit""')"
Northwestern (Kellogg),"(1, '0.054*""isb"" + 0.036*""compared"" + 0.020*""brand"" + 0.018*""well"" + 0.017*""way"" + 0.017*""benefit"" + 0.015*""diversity"" + 0.012*""globally"" + 0.011*""open"" + 0.011*""network""')"
Northwestern (Kellogg),"(2, '0.027*""want"" + 0.027*""program"" + 0.017*""experience"" + 0.016*""life"" + 0.014*""class"" + 0.013*""consider"" + 0.013*""recommend"" + 0.012*""internship"" + 0.012*""answer"" + 0.010*""get""')"
Northwestern (Kellogg),"(3, '0.021*""program"" + 0.020*""school"" + 0.019*""business"" + 0.014*""career"" + 0.014*""top"" + 0.013*""student"" + 0.012*""people"" + 0.010*""best"" + 0.010*""finance"" + 0.010*""get""')"
Northwestern (Kellogg),"(4, '0.023*""classmate"" + 0.020*""experience"" + 0.020*""thing"" + 0.018*""something"" + 0.018*""score"" + 0.015*""contribute"" + 0.015*""articulate"" + 0.015*""demonstrate"" + 0.013*""plan"" + 0.012*""process""')"
Northwestern (Kellogg),"(5, '0.034*""salary"" + 0.025*""business"" + 0.015*""level"" + 0.013*""top"" + 0.011*""tell"" + 0.011*""news"" + 0.010*""got"" + 0.010*""ranking"" + 0.010*""rated"" + 0.009*""institution""')"
Northwestern (Kellogg),"(6, '0.029*""class"" + 0.026*""accounting"" + 0.023*""financial"" + 0.022*""product"" + 0.015*""important"" + 0.015*""marketing"" + 0.015*""management"" + 0.015*""business"" + 0.015*""tech"" + 0.015*""strategy""')"
Northwestern (Kellogg),"(7, '0.038*""alumnus"" + 0.021*""firm"" + 0.019*""career"" + 0.016*""experience"" + 0.014*""tech"" + 0.014*""school"" + 0.013*""student"" + 0.012*""possible"" + 0.012*""well"" + 0.012*""management""')"
Northwestern (Kellogg),"(8, '0.018*""strong"" + 0.016*""class"" + 0.014*""marketing"" + 0.013*""industry"" + 0.013*""mit"" + 0.012*""skill"" + 0.012*""strategy"" + 0.011*""program"" + 0.011*""getting"" + 0.011*""chance""')"
Northwestern (Kellogg),"(9, '0.049*""class"" + 0.027*""vc"" + 0.020*""consider"" + 0.015*""issue"" + 0.014*""growing"" + 0.014*""negotiation"" + 0.014*""completely"" + 0.013*""take"" + 0.012*""asked"" + 0.012*""product""')"
UCLA (Anderson),"(0, '0.021*""show"" + 0.021*""application"" + 0.018*""story"" + 0.017*""initiative"" + 0.015*""school"" + 0.014*""music"" + 0.012*""tip"" + 0.012*""third"" + 0.012*""write"" + 0.011*""great""')"
UCLA (Anderson),"(1, '0.026*""student"" + 0.019*""research"" + 0.018*""professor"" + 0.017*""year"" + 0.016*""university"" + 0.011*""program"" + 0.010*""rate"" + 0.009*""well"" + 0.009*""time"" + 0.009*""area""')"
UCLA (Anderson),"(2, '0.015*""people"" + 0.015*""get"" + 0.010*""life"" + 0.010*""want"" + 0.010*""essay"" + 0.009*""round"" + 0.008*""college"" + 0.008*""experience"" + 0.008*""campus"" + 0.008*""time""')"
UCLA (Anderson),"(3, '0.036*""study"" + 0.025*""maybe"" + 0.020*""program"" + 0.020*""considered"" + 0.019*""apply"" + 0.019*""equally"" + 0.017*""http"" + 0.014*""alumnus"" + 0.014*""read"" + 0.013*""even""')"
UCLA (Anderson),"(4, '0.016*""student"" + 0.014*""grade"" + 0.012*""know"" + 0.011*""go"" + 0.011*""professor"" + 0.010*""say"" + 0.010*""city"" + 0.009*""also"" + 0.009*""state"" + 0.009*""went""')"
UCLA (Anderson),"(5, '0.024*""university"" + 0.017*""academically"" + 0.016*""education"" + 0.016*""go"" + 0.016*""engineering"" + 0.015*""degree"" + 0.015*""work"" + 0.013*""effect"" + 0.012*""public"" + 0.011*""offer""')"
UCLA (Anderson),"(6, '0.033*""http"" + 0.032*""ranking"" + 0.029*""compared"" + 0.025*""university"" + 0.022*""line"" + 0.022*""draw"" + 0.019*""top"" + 0.016*""find"" + 0.014*""respectively"" + 0.014*""stack""')"
UCLA (Anderson),"(7, '0.015*""class"" + 0.015*""school"" + 0.014*""student"" + 0.013*""get"" + 0.013*""program"" + 0.012*""princeton"" + 0.011*""business"" + 0.011*""university"" + 0.010*""graduate"" + 0.007*""think""')"
UCLA (Anderson),"(8, '0.016*""faculty"" + 0.014*""princeton"" + 0.014*""young"" + 0.012*""university"" + 0.011*""school"" + 0.010*""science"" + 0.009*""becoming"" + 0.009*""offer"" + 0.009*""degree"" + 0.008*""biggest""')"
UCLA (Anderson),"(9, '0.030*""business"" + 0.023*""strong"" + 0.023*""course"" + 0.023*""entrepreneurial"" + 0.022*""network"" + 0.021*""highest"" + 0.016*""program"" + 0.015*""looking"" + 0.015*""attended"" + 0.013*""advantage""')"
Oxford (Said),"(0, '0.031*""cambridge"" + 0.015*""feel"" + 0.014*""university"" + 0.014*""building"" + 0.014*""think"" + 0.010*""question"" + 0.010*""said"" + 0.010*""ancient"" + 0.009*""email"" + 0.009*""received""')"
Oxford (Said),"(1, '0.015*""school"" + 0.013*""student"" + 0.012*""best"" + 0.012*""finance"" + 0.011*""business"" + 0.009*""mba"" + 0.008*""well"" + 0.008*""question"" + 0.008*""also"" + 0.008*""ranking""')"
Oxford (Said),"(2, '0.019*""business"" + 0.016*""best"" + 0.015*""world"" + 0.012*""program"" + 0.012*""university"" + 0.011*""people"" + 0.008*""student"" + 0.008*""study"" + 0.008*""place"" + 0.007*""job""')"
Oxford (Said),"(3, '0.037*""cambridge"" + 0.021*""class"" + 0.012*""school"" + 0.011*""admission"" + 0.011*""come"" + 0.010*""student"" + 0.009*""year"" + 0.009*""requires"" + 0.009*""think"" + 0.008*""consulting""')"
Oxford (Said),"(4, '0.014*""program"" + 0.011*""school"" + 0.010*""help"" + 0.010*""business"" + 0.010*""score"" + 0.009*""applicant"" + 0.009*""gmat"" + 0.009*""experience"" + 0.009*""career"" + 0.009*""application""')"
Oxford (Said),"(5, '0.028*""cambridge"" + 0.019*""said"" + 0.018*""student"" + 0.017*""work"" + 0.016*""experience"" + 0.016*""job"" + 0.014*""course"" + 0.013*""university"" + 0.012*""rate"" + 0.012*""judge""')"
Oxford (Said),"(6, '0.015*""university"" + 0.013*""business"" + 0.011*""experience"" + 0.011*""alumnus"" + 0.010*""people"" + 0.010*""work"" + 0.009*""brand"" + 0.009*""application"" + 0.009*""really"" + 0.009*""great""')"
Oxford (Said),"(7, '0.036*""cambridge"" + 0.025*""student"" + 0.014*""business"" + 0.012*""consulting"" + 0.012*""university"" + 0.011*""alumnus"" + 0.010*""class"" + 0.009*""see"" + 0.009*""oxbridge"" + 0.009*""network""')"
Oxford (Said),"(8, '0.035*""university"" + 0.015*""ranking"" + 0.014*""college"" + 0.013*""school"" + 0.013*""people"" + 0.012*""job"" + 0.011*""difference"" + 0.011*""consider"" + 0.010*""top"" + 0.010*""get""')"
Oxford (Said),"(9, '0.026*""college"" + 0.015*""cambridge"" + 0.010*""student"" + 0.008*""want"" + 0.008*""work"" + 0.008*""year"" + 0.008*""time"" + 0.007*""university"" + 0.007*""best"" + 0.007*""people""')"
Esade Business School,"(0, '0.025*""undergrad"" + 0.023*""world"" + 0.020*""program"" + 0.018*""top"" + 0.016*""french"" + 0.013*""ranking"" + 0.013*""network"" + 0.012*""year"" + 0.010*""comment"" + 0.010*""get""')"
Esade Business School,"(1, '0.019*""http"" + 0.015*""france"" + 0.015*""program"" + 0.015*""student"" + 0.015*""rate"" + 0.014*""fee"" + 0.013*""expense"" + 0.011*""evaluate"" + 0.011*""includes"" + 0.011*""business""')"
Esade Business School,"(2, '0.033*""business"" + 0.025*""eae"" + 0.014*""campus"" + 0.013*""student"" + 0.013*""program"" + 0.012*""management"" + 0.012*""people"" + 0.012*""master"" + 0.011*""university"" + 0.011*""say""')"
Esade Business School,"(3, '0.030*""guidance"" + 0.023*""school"" + 0.020*""program"" + 0.018*""best"" + 0.015*""please"" + 0.013*""rather"" + 0.013*""answer"" + 0.013*""etc"" + 0.012*""get"" + 0.011*""luck""')"
Esade Business School,"(4, '0.027*""college"" + 0.021*""student"" + 0.019*""ireland"" + 0.015*""business"" + 0.014*""graduate"" + 0.014*""db"" + 0.013*""job"" + 0.012*""firm"" + 0.011*""manager"" + 0.008*""bank""')"
Esade Business School,"(5, '0.030*""university"" + 0.029*""try"" + 0.025*""business"" + 0.021*""professor"" + 0.020*""course"" + 0.019*""product"" + 0.018*""preparation"" + 0.017*""model"" + 0.017*""follows"" + 0.017*""religious""')"
Esade Business School,"(6, '0.038*""business"" + 0.023*""student"" + 0.022*""program"" + 0.013*""education"" + 0.012*""master"" + 0.011*""project"" + 0.011*""career"" + 0.011*""opportunity"" + 0.011*""skill"" + 0.010*""spain""')"
Esade Business School,"(7, '0.023*""school"" + 0.022*""best"" + 0.022*""business"" + 0.016*""answer"" + 0.016*""spain"" + 0.014*""go"" + 0.013*""lot"" + 0.012*""student"" + 0.011*""want"" + 0.011*""thing""')"
Esade Business School,"(8, '0.023*""program"" + 0.020*""dublin"" + 0.016*""career"" + 0.015*""school"" + 0.014*""best"" + 0.013*""business"" + 0.012*""db"" + 0.010*""value"" + 0.010*""course"" + 0.009*""job""')"
Esade Business School,"(9, '0.068*""paris"" + 0.020*""top"" + 0.017*""europe"" + 0.016*""networking"" + 0.014*""east"" + 0.014*""also"" + 0.013*""industry"" + 0.012*""school"" + 0.012*""admission"" + 0.011*""alumnus""')"
Yale School of Management,"(0, '0.017*""business"" + 0.014*""program"" + 0.012*""student"" + 0.011*""top"" + 0.011*""score"" + 0.011*""career"" + 0.008*""network"" + 0.008*""school"" + 0.008*""also"" + 0.008*""year""')"
Yale School of Management,"(1, '0.021*""school"" + 0.015*""company"" + 0.014*""people"" + 0.014*""want"" + 0.012*""experience"" + 0.011*""graduate"" + 0.011*""work"" + 0.011*""graduation"" + 0.010*""know"" + 0.010*""yes""')"
Yale School of Management,"(2, '0.016*""get"" + 0.015*""people"" + 0.014*""student"" + 0.012*""going"" + 0.010*""simply"" + 0.010*""financial"" + 0.009*""network"" + 0.008*""make"" + 0.008*""go"" + 0.008*""think""')"
Yale School of Management,"(3, '0.032*""college"" + 0.023*""need"" + 0.020*""get"" + 0.019*""work"" + 0.015*""well"" + 0.013*""princeton"" + 0.013*""school"" + 0.012*""mit"" + 0.012*""ago"" + 0.012*""majority""')"
Yale School of Management,"(4, '0.036*""university"" + 0.021*""student"" + 0.014*""campus"" + 0.011*""program"" + 0.009*""facility"" + 0.008*""course"" + 0.008*""cambridge"" + 0.007*""world"" + 0.007*""institution"" + 0.006*""city""')"
Yale School of Management,"(5, '0.022*""male"" + 0.020*""venture"" + 0.015*""capital"" + 0.010*""founder"" + 0.009*""top"" + 0.009*""largest"" + 0.009*""company"" + 0.009*""business"" + 0.008*""year"" + 0.007*""california""')"
Yale School of Management,"(6, '0.009*""connection"" + 0.007*""rich"" + 0.007*""heavily"" + 0.006*""fundraising"" + 0.006*""decide"" + 0.006*""teaching"" + 0.006*""looking"" + 0.006*""concern"" + 0.006*""tuition"" + 0.005*""brand""')"
Yale School of Management,"(7, '0.020*""class"" + 0.010*""pay"" + 0.009*""core"" + 0.009*""student"" + 0.009*""professor"" + 0.008*""institute"" + 0.007*""opportunity"" + 0.007*""still"" + 0.006*""already"" + 0.006*""value""')"
Yale School of Management,"(8, '0.036*""high"" + 0.026*""school"" + 0.023*""applicant"" + 0.022*""kid"" + 0.021*""admission"" + 0.019*""university"" + 0.017*""best"" + 0.016*""applying"" + 0.015*""well"" + 0.013*""get""')"
Yale School of Management,"(9, '0.024*""business"" + 0.017*""program"" + 0.017*""management"" + 0.016*""college"" + 0.014*""som"" + 0.011*""study"" + 0.010*""really"" + 0.010*""get"" + 0.009*""say"" + 0.009*""degree""')"
NYU (Stern),"(0, '0.019*""think"" + 0.013*""friend"" + 0.011*""decide"" + 0.010*""center"" + 0.008*""absolutely"" + 0.008*""traditional"" + 0.008*""actually"" + 0.008*""firm"" + 0.008*""felt"" + 0.008*""stuff""')"
NYU (Stern),"(1, '0.015*""get"" + 0.013*""work"" + 0.013*""program"" + 0.011*""experience"" + 0.010*""want"" + 0.010*""cornell"" + 0.009*""course"" + 0.009*""school"" + 0.009*""research"" + 0.009*""best""')"
NYU (Stern),"(2, '0.004*""yo"" + 0.002*""imagined"" + 0.000*""attainable"" + 0.000*""grade"" + 0.000*""class"" + 0.000*""preparation"" + 0.000*""work"" + 0.000*""discover"" + 0.000*""wonderful"" + 0.000*""socialize""')"
NYU (Stern),"(3, '0.020*""business"" + 0.018*""finance"" + 0.016*""mit"" + 0.014*""school"" + 0.014*""cornell"" + 0.013*""best"" + 0.010*""number"" + 0.010*""alumnus"" + 0.009*""ivy"" + 0.009*""v""')"
NYU (Stern),"(4, '0.016*""university"" + 0.014*""think"" + 0.012*""getting"" + 0.012*""exam"" + 0.012*""class"" + 0.012*""student"" + 0.011*""also"" + 0.010*""score"" + 0.010*""top"" + 0.009*""gmat""')"
NYU (Stern),"(5, '0.015*""business"" + 0.014*""job"" + 0.012*""time"" + 0.012*""year"" + 0.012*""help"" + 0.012*""management"" + 0.010*""career"" + 0.010*""get"" + 0.009*""engineering"" + 0.009*""degree""')"
NYU (Stern),"(6, '0.042*""university"" + 0.040*""http"" + 0.018*""thought"" + 0.015*""matter"" + 0.015*""ranking"" + 0.013*""project"" + 0.012*""prestigious"" + 0.012*""get"" + 0.012*""requirement"" + 0.011*""study""')"
NYU (Stern),"(7, '0.025*""program"" + 0.014*""student"" + 0.011*""know"" + 0.010*""people"" + 0.010*""want"" + 0.009*""really"" + 0.009*""business"" + 0.008*""level"" + 0.008*""school"" + 0.008*""investment""')"
NYU (Stern),"(8, '0.038*""phd"" + 0.030*""institute"" + 0.026*""construction"" + 0.013*""diploma"" + 0.012*""civil"" + 0.011*""industrial"" + 0.010*""programme"" + 0.008*""pune"" + 0.007*""decidedly"" + 0.007*""interviewed""')"
NYU (Stern),"(9, '0.025*""nothing"" + 0.023*""class"" + 0.012*""impact"" + 0.010*""letter"" + 0.010*""learned"" + 0.009*""role"" + 0.008*""application"" + 0.008*""admission"" + 0.008*""technical"" + 0.007*""recommendation""')"
Michigan (Ross),"(0, '0.054*""program"" + 0.018*""career"" + 0.016*""great"" + 0.013*""looking"" + 0.013*""want"" + 0.010*""make"" + 0.010*""last"" + 0.009*""choice"" + 0.008*""factor"" + 0.008*""placement""')"
Michigan (Ross),"(1, '0.024*""program"" + 0.015*""entrepreneurship"" + 0.014*""student"" + 0.014*""business"" + 0.013*""help"" + 0.010*""go"" + 0.009*""say"" + 0.009*""everyone"" + 0.009*""fund"" + 0.009*""sport""')"
Michigan (Ross),"(2, '0.013*""experience"" + 0.011*""get"" + 0.011*""application"" + 0.010*""lot"" + 0.009*""program"" + 0.009*""school"" + 0.009*""also"" + 0.008*""take"" + 0.008*""business"" + 0.008*""think""')"
Michigan (Ross),"(3, '0.026*""graduate"" + 0.023*""university"" + 0.017*""operation"" + 0.016*""program"" + 0.015*""management"" + 0.015*""degree"" + 0.012*""offer"" + 0.011*""country"" + 0.011*""salary"" + 0.011*""ranked""')"
Michigan (Ross),"(4, '0.033*""chain"" + 0.030*""supply"" + 0.024*""management"" + 0.015*""scm"" + 0.013*""business"" + 0.013*""logistics"" + 0.011*""high"" + 0.009*""course"" + 0.009*""msu"" + 0.009*""degree""')"
Michigan (Ross),"(5, '0.027*""time"" + 0.024*""student"" + 0.018*""percent"" + 0.016*""get"" + 0.015*""indian"" + 0.014*""top"" + 0.014*""school"" + 0.012*""b"" + 0.012*""acceptance"" + 0.012*""rate""')"
Michigan (Ross),"(6, '0.010*""open"" + 0.009*""powerful"" + 0.008*""tuition"" + 0.008*""connection"" + 0.008*""hub"" + 0.008*""likelihood"" + 0.007*""rich"" + 0.007*""fellowship"" + 0.006*""concern"" + 0.005*""sole""')"
Michigan (Ross),"(7, '0.016*""student"" + 0.013*""program"" + 0.012*""people"" + 0.011*""business"" + 0.009*""class"" + 0.009*""work"" + 0.008*""top"" + 0.008*""job"" + 0.007*""part"" + 0.006*""company""')"
Michigan (Ross),"(8, '0.016*""school"" + 0.016*""year"" + 0.016*""get"" + 0.011*""list"" + 0.011*""goal"" + 0.011*""best"" + 0.011*""consulting"" + 0.011*""post"" + 0.010*""policy"" + 0.009*""know""')"
Michigan (Ross),"(9, '0.024*""gmat"" + 0.023*""really"" + 0.019*""score"" + 0.018*""make"" + 0.016*""something"" + 0.016*""get"" + 0.015*""application"" + 0.013*""resume"" + 0.012*""essay"" + 0.011*""admission""')"
SDA Bocconi,"(0, '0.017*""program"" + 0.016*""class"" + 0.012*""get"" + 0.009*""making"" + 0.008*""take"" + 0.007*""learning"" + 0.007*""day"" + 0.006*""experience"" + 0.006*""college"" + 0.006*""older""')"
SDA Bocconi,"(1, '0.028*""choosing"" + 0.022*""family"" + 0.016*""deciding"" + 0.015*""factor"" + 0.013*""look"" + 0.008*""choice"" + 0.008*""choose"" + 0.007*""know"" + 0.007*""well"" + 0.007*""great""')"
SDA Bocconi,"(2, '0.026*""program"" + 0.019*""management"" + 0.012*""master"" + 0.011*""business"" + 0.011*""student"" + 0.010*""center"" + 0.010*""research"" + 0.010*""well"" + 0.008*""professional"" + 0.007*""designed""')"
SDA Bocconi,"(3, '0.025*""associate"" + 0.024*""manager"" + 0.014*""consultant"" + 0.011*""trainee"" + 0.008*""brand"" + 0.008*""got"" + 0.007*""going"" + 0.007*""sale"" + 0.007*""fmcg"" + 0.007*""start""')"
SDA Bocconi,"(4, '0.018*""college"" + 0.017*""student"" + 0.010*""business"" + 0.009*""course"" + 0.008*""job"" + 0.008*""get"" + 0.007*""kj"" + 0.007*""visit"" + 0.007*""give"" + 0.007*""somaiya""')"
SDA Bocconi,"(5, '0.021*""marketing"" + 0.015*""role"" + 0.015*""business"" + 0.013*""management"" + 0.011*""student"" + 0.009*""master"" + 0.009*""nykaa"" + 0.009*""placement"" + 0.008*""university"" + 0.008*""course""')"
SDA Bocconi,"(6, '0.008*""get"" + 0.008*""want"" + 0.007*""make"" + 0.007*""student"" + 0.007*""lakh"" + 0.006*""life"" + 0.006*""scholarship"" + 0.006*""time"" + 0.006*""university"" + 0.006*""percentile""')"
SDA Bocconi,"(7, '0.024*""student"" + 0.022*""college"" + 0.011*""placement"" + 0.011*""faculty"" + 0.010*""company"" + 0.010*""center"" + 0.010*""milan"" + 0.010*""experience"" + 0.009*""campus"" + 0.008*""also""')"
SDA Bocconi,"(8, '0.013*""student"" + 0.010*""placement"" + 0.009*""organised"" + 0.009*""peer"" + 0.009*""guest"" + 0.009*""club"" + 0.009*""lecture"" + 0.007*""rule"" + 0.007*""committee"" + 0.006*""day""')"
SDA Bocconi,"(9, '0.020*""placement"" + 0.019*""student"" + 0.017*""program"" + 0.014*""offer"" + 0.013*""internship"" + 0.013*""great"" + 0.011*""italy"" + 0.011*""mumbai"" + 0.011*""centre"" + 0.010*""lac""')"
Duke (Fuqua),"(0, '0.010*""case"" + 0.009*""problem"" + 0.008*""time"" + 0.007*""join"" + 0.007*""student"" + 0.007*""place"" + 0.007*""go"" + 0.006*""like"" + 0.006*""office"" + 0.006*""people""')"
Duke (Fuqua),"(1, '0.043*""program"" + 0.015*""school"" + 0.014*""student"" + 0.012*""year"" + 0.011*""career"" + 0.011*""also"" + 0.010*""want"" + 0.010*""http"" + 0.009*""ranking"" + 0.009*""experience""')"
Duke (Fuqua),"(2, '0.056*""management"" + 0.021*""institute"" + 0.018*""executive"" + 0.015*""specialization"" + 0.015*""marketing"" + 0.013*""university"" + 0.012*""year"" + 0.011*""program"" + 0.010*""business"" + 0.010*""degree""')"
Duke (Fuqua),"(3, '0.031*""executive"" + 0.028*""program"" + 0.019*""top"" + 0.017*""class"" + 0.016*""exam"" + 0.015*""globally"" + 0.015*""education"" + 0.013*""business"" + 0.011*""cat"" + 0.011*""level""')"
Duke (Fuqua),"(4, '0.023*""job"" + 0.019*""want"" + 0.015*""get"" + 0.014*""student"" + 0.013*""people"" + 0.013*""go"" + 0.012*""college"" + 0.012*""business"" + 0.011*""think"" + 0.010*""money""')"
Duke (Fuqua),"(5, '0.034*""public"" + 0.025*""sector"" + 0.015*""lakh"" + 0.014*""government"" + 0.009*""salary"" + 0.009*""http"" + 0.009*""isb"" + 0.009*""upper"" + 0.009*""best"" + 0.008*""successfully""')"
Duke (Fuqua),"(6, '0.022*""business"" + 0.015*""life"" + 0.013*""career"" + 0.012*""skill"" + 0.011*""research"" + 0.010*""course"" + 0.010*""professional"" + 0.008*""learn"" + 0.008*""program"" + 0.008*""area""')"
Duke (Fuqua),"(7, '0.021*""people"" + 0.020*""professor"" + 0.017*""opus"" + 0.017*""dei"" + 0.011*""department"" + 0.009*""group"" + 0.009*""met"" + 0.009*""religious"" + 0.008*""student"" + 0.008*""business""')"
Duke (Fuqua),"(8, '0.025*""regard"" + 0.013*""night"" + 0.012*""moved"" + 0.012*""semester"" + 0.009*""people"" + 0.009*""difficulty"" + 0.008*""whole"" + 0.008*""sleep"" + 0.006*""feasible"" + 0.006*""tell""')"
Duke (Fuqua),"(9, '0.057*""engineering"" + 0.015*""degree"" + 0.013*""difficult"" + 0.011*""engineer"" + 0.010*""work"" + 0.010*""m"" + 0.009*""science"" + 0.009*""path"" + 0.009*""go"" + 0.009*""worth""')"
